--create database PTTKHTTT_QLKS
--go
--use PTTKHTTT_QLKS
--go


drop table PDT_DICHVU;
drop table DICHVU;
drop table HOADON;
drop table CHITIETPHIEUDATPHONG;
drop table PHIEUDATPHONG;
drop table PHONG;
drop table NHANVIEN;
drop table TAIKHOAN;
drop table PHIEUDANGKYTOUR;
drop table TOUR;
drop table DOITAC;
drop table KHACHHANG;

CREATE TABLE KHACHHANG
(
	MAKH INT, 
	HOTEN NVARCHAR(50), 
	CCCD CHAR(12),
	SDT CHAR(11), 
	DIACHI NVARCHAR(60), 
	FAXID INT, 
	EMAIL VARCHAR(50),
	CONSTRAINT PK_KHACHHANG PRIMARY KEY(MAKH)
)

CREATE TABLE TAIKHOAN
(
	USERNAME VARCHAR(30),
	PASS VARCHAR(30) NOT NULL,
	LOAI TINYINT NOT NULL,
	CONSTRAINT PK_TAIKHOAN PRIMARY KEY(USERNAME)
)
CREATE TABLE NHANVIEN
(
	MANV INT, 
	HOTEN NVARCHAR(50), 
	SDT CHAR(11), 
	DIACHI NVARCHAR(60), 
	EMAIL VARCHAR(50),
	USERNAME VARCHAR(30),
	CONSTRAINT PK_NHANVIEN PRIMARY KEY(MANV),
	FOREIGN KEY(USERNAME) REFERENCES TAIKHOAN(USERNAME)
)
CREATE TABLE PHONG
(
	MAPHONG INT, 
	LOAIPHONG NVARCHAR(8), -- Đơn / Đôi
	HANG NVARCHAR(8), -- Thường / Cao cấp
	GIA INT,
	TINHTRANG NVARCHAR(15), -- Trống / Chưa dọn / Đang dùng
	CONSTRAINT PK_PHONG PRIMARY KEY(MAPHONG)
)
CREATE TABLE PHIEUDATPHONG
(
	MAPDP INT, 
	NGAYLAP DATETIME,
	NGAYNHANPHONG DATE,
	NGAYTRAPHONG DATE,
	MAKH INT,
	MANV INT,
	CONSTRAINT PK_PDP PRIMARY KEY(MAPDP),
	FOREIGN KEY(MAKH) REFERENCES KHACHHANG(MAKH)
)
CREATE TABLE CHITIETPHIEUDATPHONG
(
	MAPDP INT, 
	MAPHONG INT,
	CONSTRAINT PK_CTPDP PRIMARY KEY(MAPDP, MAPHONG),
	FOREIGN KEY(MAPHONG) REFERENCES PHONG(MAPHONG)
)

CREATE TABLE HOADON
(
	MAHD INT, 
	NGAYLAP DATETIME,
	MAPDP INT, 
	TONGTIEN INT default 0,
	TINHTRANGTT NVARCHAR(16), --Đã thanh toán / Đã cọc
	MANV INT, 
	CONSTRAINT PK_HOADON PRIMARY KEY(MAHD),
	FOREIGN KEY(MAPDP) REFERENCES PHIEUDATPHONG(MAPDP),
	FOREIGN KEY(MANV) REFERENCES NHANVIEN(MANV)
)
CREATE TABLE DICHVU
(
	MADV INT, 
	TENDV NVARCHAR(30),
	GIA INT,
	MOTA NVARCHAR(100),
	DIADIEM NVARCHAR(30),
	CONSTRAINT PK_DV PRIMARY KEY(MADV)
)
CREATE TABLE PDT_DICHVU
(
	MADV INT, 
	MAPDP INT, 
	SOLUONG INT, 
	THOIGIAN DATETIME,
	CONSTRAINT PK_PDT_DV PRIMARY KEY(MADV, MAPDP),
	FOREIGN KEY(MADV) REFERENCES DICHVU(MADV),
	FOREIGN KEY(MAPDP) REFERENCES PHIEUDATPHONG(MAPDP)
)


 create table DOITAC
 (
 	MADOITAC int, 
 	TenDoiTac nvarchar(50), 
 	SDT int
 	Constraint PK_Doitac Primary key(MaDoiTac)
 )	

 create table TOUR
 (
 	MATOUR int, 
 	TENTOUR NVARCHAR(50), 
 	DIADIEM NVARCHAR(50),
 	GIA int,
 	MOTACT NVARCHAR(100),
 	MADOITAC int
 	Constraint PK_TOUR Primary key(MATOUR),
 	FOREIGN KEY(MADOITAC) REFERENCES DOITAC(MADOITAC)
 )
 create table PHIEUDANGKYTOUR
 (
	MAPDKTOUR int,
 	THGIANKHOIHANH DATETIME,
 	SONGUOITHGIA INT,
 	DICHVUDUADON NVARCHAR(20),--???????Tự túc/Xe đưa đón
 	YEUCAUDACBIET nvarchar(100), 
 	MAKH int,
	MATOUR int,
 	Constraint PK_PDKTOUR Primary key(MAKH,MATOUR),
	FOREIGN KEY(MAKH) REFERENCES KHACHHANG(MAKH),
	FOREIGN KEY(MATOUR) REFERENCES TOUR(MATOUR)
 )

-- Thêm CCCD cho nhân viên từ 1 đến 30


INSERT INTO KHACHHANG (MAKH, HOTEN, CCCD, SDT, DIACHI, FAXID, EMAIL) VALUES ('01', N'Nguyễn Văn An', '0123456789', '0123456789', N'123 Đường Nguyễn Du, Quận 1, Thành phố HCM', 1, 'nguyenvana@gmail.com');
INSERT INTO KHACHHANG (MAKH, HOTEN, CCCD, SDT, DIACHI, FAXID, EMAIL) VALUES ('02', N'Trần Thị Bình', '1234567890', '0987654321', N'456 Đường Lê Lợi, Quận 2, Thành phố HCM', 2, 'tranthib@gmail.com');
INSERT INTO KHACHHANG (MAKH, HOTEN, CCCD, SDT, DIACHI, FAXID, EMAIL) VALUES ('03', N'Lê Văn Cường', '2345678901', '0345678901', N'789 Đường Trần Hưng Đạo, Quận 3, Thành phố HCM', 3, 'levanc@gmail.com');
INSERT INTO KHACHHANG (MAKH, HOTEN, CCCD, SDT, DIACHI, FAXID, EMAIL) VALUES ('04', N'Phạm Thị Dung', '3456789012', '0876543210', N'321 Đường Võ Văn Tần, Quận 4, Thành phố HCM', 4, 'phamthid@gmail.com');
INSERT INTO KHACHHANG (MAKH, HOTEN, CCCD, SDT, DIACHI, FAXID, EMAIL) VALUES ('05', N'Hoàng Văn Eo', '4567890123', '0456789012', N'654 Đường Cách Mạng Tháng 8, Quận 5, Thành phố HCM', 5, 'hoangvane@gmail.com');
INSERT INTO KHACHHANG (MAKH, HOTEN, CCCD, SDT, DIACHI, FAXID, EMAIL) VALUES ('06', N'Vũ Thị Fion', '5678901234', '0987654321', N'789 Đường Trần Phú, Quận 6, Thành phố HCM', 6, 'vuthifion@gmail.com');
INSERT INTO KHACHHANG (MAKH, HOTEN, CCCD, SDT, DIACHI, FAXID, EMAIL) VALUES ('07', N'Lý Văn Gia', '6789012345', '0123456789', N'012 Đường Nguyễn Văn Linh, Quận 7, Thành phố HCM', 7, 'lyvangia@gmail.com');
INSERT INTO KHACHHANG (MAKH, HOTEN, CCCD, SDT, DIACHI, FAXID, EMAIL) VALUES ('08', N'Nguyễn Thị Hạnh', '7890123456', '0987654321', N'345 Đường Lê Hồng Phong, Quận 8, Thành phố HCM', 8, 'nguyenthihan@gmail.com');
INSERT INTO KHACHHANG (MAKH, HOTEN, CCCD, SDT, DIACHI, FAXID, EMAIL) VALUES ('09', N'Trần Văn I', '8901234567', '0345678901', N'678 Đường Trần Quang Khải, Quận 9, Thành phố HCM', 9, 'tranvani@gmail.com');
INSERT INTO KHACHHANG (MAKH, HOTEN, CCCD, SDT, DIACHI, FAXID, EMAIL) VALUES ('10', N'Lê Thị Kiều', '9012345678', '0876543210', N'901 Đường Nguyễn Kim, Quận 10, Thành phố HCM', 10, 'lethikieu@gmail.com');
INSERT INTO KHACHHANG (MAKH, HOTEN, CCCD, SDT, DIACHI, FAXID, EMAIL) VALUES ('11', N'Phạm Văn Long', '0123456789', '0456789012', N'234 Đường Võ Thị Sáu, Quận 11, Thành phố HCM', 11, 'phamvanlong@gmail.com');
INSERT INTO KHACHHANG (MAKH, HOTEN, CCCD, SDT, DIACHI, FAXID, EMAIL) VALUES ('12', N'Hoàng Thị Mỹ', '1234567890', '0987654321', N'567 Đường Trần Cao Vân, Quận 12, Thành phố HCM', 12, 'hoangthimy@gmail.com');
INSERT INTO KHACHHANG (MAKH, HOTEN, CCCD, SDT, DIACHI, FAXID, EMAIL) VALUES ('13', N'Vũ Văn Nghĩa', '2345678901', '0123456789', N'890 Đường Nguyễn Đình Chiểu, Quận Bình Thạnh, Thành phố HCM', 13, 'vuvannghia@gmail.com');
INSERT INTO KHACHHANG (MAKH, HOTEN, CCCD, SDT, DIACHI, FAXID, EMAIL) VALUES ('14', N'Lý Thị Oanh', '3456789012', '0987654321', N'123 Đường Lê Đại Hành, Quận Gò Vấp, Thành phố HCM', 14, 'lythioanh@gmail.com');
INSERT INTO KHACHHANG (MAKH, HOTEN, CCCD, SDT, DIACHI, FAXID, EMAIL) VALUES ('15', N'Nguyễn Văn Phúc', '4567890123', '0345678901', N'456 Đường Trường Chinh, Quận Tân Bình, Thành phố HCM', 15, 'nguyenvanphuc@gmail.com');
INSERT INTO KHACHHANG (MAKH, HOTEN, CCCD, SDT, DIACHI, FAXID, EMAIL) VALUES ('16', N'Trần Thị Quỳnh', '5678901234', '0876543210', N'789 Đường Lý Thường Kiệt, Quận Tân Phú, Thành phố HCM', 16, 'tranthiquynh@gmail.com');
INSERT INTO KHACHHANG (MAKH, HOTEN, CCCD, SDT, DIACHI, FAXID, EMAIL) VALUES ('17', N'Lê Văn Rồng', '6789012345', '0456789012', N'012 Đường Nguyễn Hữu Cầu, Quận Phú Nhuận, Thành phố HCM', 17, 'levanrong@gmail.com');
INSERT INTO KHACHHANG (MAKH, HOTEN, CCCD, SDT, DIACHI, FAXID, EMAIL) VALUES ('18', N'Phạm Thị Sáng', '7890123456', '0987654321', N'345 Đường Lê Văn Sỹ, Quận Bình Tân, Thành phố HCM', 18, 'phamthisang@gmail.com');
INSERT INTO KHACHHANG (MAKH, HOTEN, CCCD, SDT, DIACHI, FAXID, EMAIL) VALUES ('19', N'Hoàng Văn Tâm', '8901234567', '0123456789', N'678 Đường Phan Đình Phùng, Quận Thủ Đức, Thành phố HCM', 19, 'hoangvantam@gmail.com');
INSERT INTO KHACHHANG (MAKH, HOTEN, CCCD, SDT, DIACHI, FAXID, EMAIL) VALUES ('20', N'Vũ Thị Uyên', '9012345678', '0987654321', N'901 Đường Trần Hưng Đạo, Quận 1, Thành phố HCM', 20, 'vuthiuyen@gmail.com');
INSERT INTO KHACHHANG (MAKH, HOTEN, CCCD, SDT, DIACHI, FAXID, EMAIL) VALUES ('21', N'Lý Văn Vương', '0123456789', '0345678901', N'234 Đường Lý Thái Tổ, Quận 2, Thành phố HCM', 21, 'lyvanvuong@gmail.com');
INSERT INTO KHACHHANG (MAKH, HOTEN, CCCD, SDT, DIACHI, FAXID, EMAIL) VALUES ('22', N'Nguyễn Thị Xinh', '1234567890', '0876543210', N'567 Đường Hàm Nghi, Quận 3, Thành phố HCM', 22, 'nguyenthixinh@gmail.com');
INSERT INTO KHACHHANG (MAKH, HOTEN, CCCD, SDT, DIACHI, FAXID, EMAIL) VALUES ('23', N'Trần Văn Y', '2345678901', '0456789012', N'890 Đường Đinh Tiên Hoàng, Quận 4, Thành phố HCM', 23, 'tranvany@gmail.com');
INSERT INTO KHACHHANG (MAKH, HOTEN, CCCD, SDT, DIACHI, FAXID, EMAIL) VALUES ('24', N'Lê Thị Zuyên', '3456789012', '0987654321', N'123 Đường Lý Thường Kiệt, Quận 5, Thành phố HCM', 24, 'lethizuyen@gmail.com');
INSERT INTO KHACHHANG (MAKH, HOTEN, CCCD, SDT, DIACHI, FAXID, EMAIL) VALUES ('25', N'Phạm Văn Ánh', '4567890123', '0123456789', N'456 Đường Võ Văn Kiệt, Quận 6, Thành phố HCM', 25, 'phamvananh@gmail.com');
INSERT INTO KHACHHANG (MAKH, HOTEN, CCCD, SDT, DIACHI, FAXID, EMAIL) VALUES ('26', N'Hoàng Thị Bạch', '5678901234', '0987654321', N'789 Đường Trần Phú, Quận 7, Thành phố HCM', 26, 'hoangthibach@gmail.com');
INSERT INTO KHACHHANG (MAKH, HOTEN, CCCD, SDT, DIACHI, FAXID, EMAIL) VALUES ('27', N'Vũ Văn Cường', '6789012345', '0345678901', N'012 Đường Nguyễn Văn Linh, Quận 8, Thành phố HCM', 27, 'vuvancuong@gmail.com');
INSERT INTO KHACHHANG (MAKH, HOTEN, CCCD, SDT, DIACHI, FAXID, EMAIL) VALUES ('28', N'Lý Thị Dung', '7890123456', '0876543210', N'345 Đường Lê Hồng Phong, Quận 9, Thành phố HCM', 28, 'lythidung@gmail.com');
INSERT INTO KHACHHANG (MAKH, HOTEN, CCCD, SDT, DIACHI, FAXID, EMAIL) VALUES ('29', N'Nguyễn Văn E', '8901234567', '0456789012', N'678 Đường Trần Quang Khải, Quận 10, Thành phố HCM', 29, 'nguyenvane@gmail.com');
INSERT INTO KHACHHANG (MAKH, HOTEN, CCCD, SDT, DIACHI, FAXID, EMAIL) VALUES ('30', N'Trần Thị F', '9012345678', '0987654321', N'901 Đường Nguyễn Kim, Quận 11, Thành phố HCM', 30, 'tranthif@gmail.com');
select count(*) KHACHHANG from KHACHHANG


INSERT INTO TAIKHOAN (username, pass,Loai) VALUES ('letan', '123',2);
INSERT INTO TAIKHOAN VALUES ('admin', '123',1);
INSERT INTO TAIKHOAN VALUES ('levanc', '555555',2);
INSERT INTO TAIKHOAN VALUES ('phamthid', '111111',2);
INSERT INTO TAIKHOAN VALUES ('hoangvane', '999999',2);
INSERT INTO TAIKHOAN VALUES ('ngothif', '444444',2);
INSERT INTO TAIKHOAN VALUES ('trinhvang', '888888',2);
INSERT INTO TAIKHOAN VALUES ('lythih', '222222',2);
INSERT INTO TAIKHOAN VALUES ('huynhvani', '666666',2);
INSERT INTO TAIKHOAN VALUES ('vothik', '333333',2);
select count(*) TAIKHOAN from TAIKHOAN

INSERT INTO NHANVIEN (MANV, HOTEN, SDT, DIACHI, EMAIL, username) VALUES  (1, N'Lễ Thị Tân', '1234567801', N'123 Đường A', 'nguyenvana@example.com', 'letan');
INSERT INTO NHANVIEN VALUES (2, N'Lê Áp Minh', '9876543109', N'456 Đường B', 'tranthib@example.com', 'admin');
INSERT INTO NHANVIEN VALUES (3, N'Lê Văn C', '5555555555', N'789 Đường C', 'levanc@example.com', 'levanc');
INSERT INTO NHANVIEN VALUES (4, N'Phạm Thị D', '1111111111', N'321 Đường D', 'phamthid@example.com', 'phamthid');
INSERT INTO NHANVIEN VALUES (5, N'Hoàng Văn E', '9999999999', N'654 Đường E', 'hoangvane@example.com', 'hoangvane');
INSERT INTO NHANVIEN VALUES (6, N'Ngô Thị F', '4444444444', N'987 Đường F', 'ngothif@example.com', 'ngothif');
INSERT INTO NHANVIEN VALUES (7, N'Trịnh Văn G', '8888888888', N'147 Đường G', 'trinhvang@example.com', 'trinhvang');
INSERT INTO NHANVIEN VALUES (8, N'Lý Thị H', '2222222222', N'258 Đường H', 'lythih@example.com', 'lythih');
INSERT INTO NHANVIEN VALUES (9, N'Huỳnh Văn I', '6666666666', N'369 Đường I', 'huynhvani@example.com', 'huynhvani');
INSERT INTO NHANVIEN VALUES (10, N'Võ Thị K', '3333333333', N'987 Đường K', 'vothik@example.com', 'vothik');
select count(*) NHANVIEN from NHANVIEN

-- Ví dụ chèn 10 dòng dữ liệu vào bảng PHONG

INSERT INTO PHONG (MAPHONG, LOAIPHONG, HANG, GIA, TINHTRANG)VALUES (1, N'Đơn', N'Thường', 200000, N'Đang dùng');
INSERT INTO PHONG (MAPHONG, LOAIPHONG, HANG, GIA, TINHTRANG)VALUES (2, N'Đơn', N'Thường', 200000, N'Đang dùng');
INSERT INTO PHONG (MAPHONG, LOAIPHONG, HANG, GIA, TINHTRANG)VALUES (3, N'Đơn', N'Thường', 200000, N'Chưa dọn');
INSERT INTO PHONG (MAPHONG, LOAIPHONG, HANG, GIA, TINHTRANG)VALUES (4, N'Đơn', N'Thường', 200000, N'Đang dùng');
INSERT INTO PHONG (MAPHONG, LOAIPHONG, HANG, GIA, TINHTRANG)VALUES (5, N'Đơn', N'Thường', 200000, N'Trống');
INSERT INTO PHONG (MAPHONG, LOAIPHONG, HANG, GIA, TINHTRANG)VALUES (6, N'Đôi', N'Thường', 300000, N'Trống');
INSERT INTO PHONG (MAPHONG, LOAIPHONG, HANG, GIA, TINHTRANG)VALUES (7, N'Đôi', N'Thường', 300000, N'Chưa dọn');
INSERT INTO PHONG (MAPHONG, LOAIPHONG, HANG, GIA, TINHTRANG)VALUES (8, N'Đôi', N'Thường', 300000, N'Đang dùng');
INSERT INTO PHONG (MAPHONG, LOAIPHONG, HANG, GIA, TINHTRANG)VALUES (9, N'Gia đình', N'Thường', 500000, N'Trống');
INSERT INTO PHONG (MAPHONG, LOAIPHONG, HANG, GIA, TINHTRANG)VALUES (10, N'Gia đình', N'Thường', 500000, N'Trống');
INSERT INTO PHONG (MAPHONG, LOAIPHONG, HANG, GIA, TINHTRANG)VALUES (11, N'Đơn', N'Cao cấp', 300000, N'Trống');
INSERT INTO PHONG (MAPHONG, LOAIPHONG, HANG, GIA, TINHTRANG)VALUES (12, N'Đơn', N'Cao cấp', 300000, N'Trống');
INSERT INTO PHONG (MAPHONG, LOAIPHONG, HANG, GIA, TINHTRANG)VALUES (13, N'Đơn', N'Cao cấp', 300000, N'Chưa dọn');
INSERT INTO PHONG (MAPHONG, LOAIPHONG, HANG, GIA, TINHTRANG)VALUES (14, N'Đơn', N'Cao cấp', 300000, N'Đang dùng');
INSERT INTO PHONG (MAPHONG, LOAIPHONG, HANG, GIA, TINHTRANG)VALUES (15, N'Đơn', N'Cao cấp', 300000, N'Trống');
INSERT INTO PHONG (MAPHONG, LOAIPHONG, HANG, GIA, TINHTRANG)VALUES (16, N'Đôi', N'Cao cấp', 400000, N'Trống');
INSERT INTO PHONG (MAPHONG, LOAIPHONG, HANG, GIA, TINHTRANG)VALUES (17, N'Đôi', N'Cao cấp', 400000, N'Chưa dọn');
INSERT INTO PHONG (MAPHONG, LOAIPHONG, HANG, GIA, TINHTRANG)VALUES (18, N'Đôi', N'Cao cấp', 400000, N'Đang dùng');
INSERT INTO PHONG (MAPHONG, LOAIPHONG, HANG, GIA, TINHTRANG)VALUES (19, N'Gia đình', N'Cao cấp', 700000, N'Trống');
INSERT INTO PHONG (MAPHONG, LOAIPHONG, HANG, GIA, TINHTRANG)VALUES (20, N'Gia đình', N'Cao cấp', 700000, N'Trống');
INSERT INTO PHONG (MAPHONG, LOAIPHONG, HANG, GIA, TINHTRANG)VALUES (21, N'Đơn', N'Cao cấp', 300000, N'Trống');
INSERT INTO PHONG (MAPHONG, LOAIPHONG, HANG, GIA, TINHTRANG)VALUES (22, N'Đơn', N'Cao cấp', 300000, N'Trống');
INSERT INTO PHONG (MAPHONG, LOAIPHONG, HANG, GIA, TINHTRANG)VALUES (23, N'Đơn', N'Cao cấp', 300000, N'Chưa dọn');
INSERT INTO PHONG (MAPHONG, LOAIPHONG, HANG, GIA, TINHTRANG)VALUES (24, N'Đơn', N'Cao cấp', 300000, N'Đang dùng');
INSERT INTO PHONG (MAPHONG, LOAIPHONG, HANG, GIA, TINHTRANG)VALUES (25, N'Đơn', N'Cao cấp', 300000, N'Trống');
INSERT INTO PHONG (MAPHONG, LOAIPHONG, HANG, GIA, TINHTRANG)VALUES (26, N'Đôi', N'Cao cấp', 400000, N'Trống');
INSERT INTO PHONG (MAPHONG, LOAIPHONG, HANG, GIA, TINHTRANG)VALUES (27, N'Đôi', N'Cao cấp', 400000, N'Chưa dọn');
INSERT INTO PHONG (MAPHONG, LOAIPHONG, HANG, GIA, TINHTRANG)VALUES (28, N'Đôi', N'Cao cấp', 400000, N'Đang dùng');
INSERT INTO PHONG (MAPHONG, LOAIPHONG, HANG, GIA, TINHTRANG)VALUES (29, N'Gia đình', N'Cao cấp', 700000, N'Trống');
INSERT INTO PHONG (MAPHONG, LOAIPHONG, HANG, GIA, TINHTRANG)VALUES (30, N'Gia đình', N'Cao cấp', 700000, N'Trống');
INSERT INTO PHONG (MAPHONG, LOAIPHONG, HANG, GIA, TINHTRANG)VALUES (31, N'Đơn', N'Thường', 200000, N'Trống');
INSERT INTO PHONG (MAPHONG, LOAIPHONG, HANG, GIA, TINHTRANG)VALUES (32, N'Đơn', N'Thường', 200000, N'Trống');
INSERT INTO PHONG (MAPHONG, LOAIPHONG, HANG, GIA, TINHTRANG)VALUES (33, N'Đơn', N'Thường', 200000, N'Chưa dọn');
INSERT INTO PHONG (MAPHONG, LOAIPHONG, HANG, GIA, TINHTRANG)VALUES (34, N'Đơn', N'Thường', 200000, N'Đang dùng');
INSERT INTO PHONG (MAPHONG, LOAIPHONG, HANG, GIA, TINHTRANG)VALUES (35, N'Đơn', N'Thường', 200000, N'Trống');
INSERT INTO PHONG (MAPHONG, LOAIPHONG, HANG, GIA, TINHTRANG)VALUES (36, N'Đôi', N'Thường', 300000, N'Trống');
INSERT INTO PHONG (MAPHONG, LOAIPHONG, HANG, GIA, TINHTRANG)VALUES (37, N'Đôi', N'Thường', 300000, N'Chưa dọn');
INSERT INTO PHONG (MAPHONG, LOAIPHONG, HANG, GIA, TINHTRANG)VALUES (38, N'Đôi', N'Thường', 300000, N'Đang dùng');
INSERT INTO PHONG (MAPHONG, LOAIPHONG, HANG, GIA, TINHTRANG)VALUES (39, N'Gia đình', N'Thường', 500000, N'Trống');
INSERT INTO PHONG (MAPHONG, LOAIPHONG, HANG, GIA, TINHTRANG)VALUES (40, N'Gia đình', N'Thường', 500000, N'Trống');
INSERT INTO PHONG (MAPHONG, LOAIPHONG, HANG, GIA, TINHTRANG)VALUES (41, N'Đơn', N'Thường', 200000, N'Trống');
INSERT INTO PHONG (MAPHONG, LOAIPHONG, HANG, GIA, TINHTRANG)VALUES (42, N'Đơn', N'Thường', 200000, N'Trống');
INSERT INTO PHONG (MAPHONG, LOAIPHONG, HANG, GIA, TINHTRANG)VALUES (43, N'Đơn', N'Thường', 200000, N'Chưa dọn');
INSERT INTO PHONG (MAPHONG, LOAIPHONG, HANG, GIA, TINHTRANG)VALUES (44, N'Đơn', N'Thường', 200000, N'Đang dùng');
INSERT INTO PHONG (MAPHONG, LOAIPHONG, HANG, GIA, TINHTRANG)VALUES (45, N'Đơn', N'Thường', 200000, N'Trống');
INSERT INTO PHONG (MAPHONG, LOAIPHONG, HANG, GIA, TINHTRANG)VALUES (46, N'Đôi', N'Thường', 300000, N'Trống');
INSERT INTO PHONG (MAPHONG, LOAIPHONG, HANG, GIA, TINHTRANG)VALUES (47, N'Đôi', N'Thường', 300000, N'Chưa dọn');
INSERT INTO PHONG (MAPHONG, LOAIPHONG, HANG, GIA, TINHTRANG)VALUES (48, N'Đôi', N'Thường', 300000, N'Đang dùng');
INSERT INTO PHONG (MAPHONG, LOAIPHONG, HANG, GIA, TINHTRANG)VALUES (49, N'Gia đình', N'Thường', 500000, N'Trống');
INSERT INTO PHONG (MAPHONG, LOAIPHONG, HANG, GIA, TINHTRANG)VALUES (50, N'Gia đình', N'Thường', 500000, N'Trống');
select count(*) PHONG from PHONG

-- Ví dụ chèn 10 dòng dữ liệu vào bảng PHIEUDATPHONG với mã phòng có giá trị cố định ngẫu nhiên từ 1 đến 20
INSERT INTO PHIEUDATPHONG (MAPDP, NGAYLAP, NGAYNHANPHONG, NGAYTRAPHONG, MAKH, MANV)VALUES (1, '2023-07-01', '2023-07-02', '2023-07-03', 1, 1);
INSERT INTO PHIEUDATPHONG VALUES (2, '2023-07-02', '2023-07-03', '2023-07-04', 2, 2);
INSERT INTO PHIEUDATPHONG VALUES (3, '2023-07-03', '2023-07-04', '2023-07-05', 3, 3);
INSERT INTO PHIEUDATPHONG VALUES (4, '2023-07-04', '2023-07-05', '2023-07-06', 4, 4);
INSERT INTO PHIEUDATPHONG VALUES (5, '2023-07-05', '2023-07-06', '2023-07-07', 5, 5);
INSERT INTO PHIEUDATPHONG VALUES (6, '2023-07-06', '2023-07-07', '2023-07-08', 6, 6);
INSERT INTO PHIEUDATPHONG VALUES (7, '2023-07-07', '2023-07-08', '2023-07-09', 7, 7);
INSERT INTO PHIEUDATPHONG VALUES (8, '2023-07-08', '2023-07-09', '2023-07-10', 8, 8);
INSERT INTO PHIEUDATPHONG VALUES (9, '2023-07-09', '2023-07-10', '2023-07-11', 9, 9);
INSERT INTO PHIEUDATPHONG VALUES (10, '2023-07-10', '2023-07-11', '2023-07-12', 10, 10);
INSERT INTO PHIEUDATPHONG VALUES (11, '2023-07-11', '2023-07-12', '2023-07-13', 11, 1);
INSERT INTO PHIEUDATPHONG VALUES (12, '2023-07-12', '2023-07-13', '2023-07-14', 12, 2);
INSERT INTO PHIEUDATPHONG VALUES (13, '2023-07-13', '2023-07-14', '2023-07-15', 13, 3);
INSERT INTO PHIEUDATPHONG VALUES (14, '2023-07-14', '2023-07-15', '2023-07-16', 14, 4);
INSERT INTO PHIEUDATPHONG VALUES (15, '2023-07-15', '2023-07-16', '2023-07-17', 15, 5);
INSERT INTO PHIEUDATPHONG VALUES (16, '2023-07-16', '2023-07-17', '2023-07-18', 16, 6);
INSERT INTO PHIEUDATPHONG VALUES (17, '2023-07-17', '2023-07-18', '2023-07-19', 17, 7);
INSERT INTO PHIEUDATPHONG VALUES (18, '2023-07-18', '2023-07-19', '2023-07-20', 18, 8);
INSERT INTO PHIEUDATPHONG VALUES (19, '2023-07-19', '2023-07-20', '2023-07-21', 19, 9);
INSERT INTO PHIEUDATPHONG VALUES (20, '2023-07-20', '2023-07-21', '2023-07-22', 20, 10);
INSERT INTO PHIEUDATPHONG VALUES (21, '2023-07-21', '2023-07-22', '2023-07-23', 21, 1);
INSERT INTO PHIEUDATPHONG VALUES (22, '2023-07-22', '2023-07-23', '2023-07-24', 22, 2);
INSERT INTO PHIEUDATPHONG VALUES (23, '2023-07-23', '2023-07-24', '2023-07-25', 23, 3);
INSERT INTO PHIEUDATPHONG VALUES (24, '2023-07-24', '2023-07-25', '2023-07-26', 24, 4);
INSERT INTO PHIEUDATPHONG VALUES (25, '2023-07-25', '2023-07-26', '2023-07-27', 25, 5);
INSERT INTO PHIEUDATPHONG VALUES (26, '2023-07-26', '2023-07-27', '2023-07-28', 26, 6);
INSERT INTO PHIEUDATPHONG VALUES (27, '2023-07-27', '2023-07-28', '2023-07-29', 27, 7);
INSERT INTO PHIEUDATPHONG VALUES (28, '2023-07-28', '2023-07-29', '2023-07-30', 28, 8);
INSERT INTO PHIEUDATPHONG VALUES (29, '2023-07-29', '2023-07-30', '2023-07-31', 29, 9);
INSERT INTO PHIEUDATPHONG VALUES (30, '2023-07-30', '2023-07-31', '2023-08-01', 30, 10);
INSERT INTO PHIEUDATPHONG VALUES (31, '2023-07-31', '2023-08-01', '2023-08-02', 1, 1);
INSERT INTO PHIEUDATPHONG VALUES (32, '2023-08-01', '2023-08-02', '2023-08-03', 2, 2);
INSERT INTO PHIEUDATPHONG VALUES (33, '2023-08-02', '2023-08-03', '2023-08-04', 3, 3);
INSERT INTO PHIEUDATPHONG VALUES (34, '2023-08-03', '2023-08-04', '2023-08-05', 4, 4);
INSERT INTO PHIEUDATPHONG VALUES (35, '2023-08-04', '2023-08-05', '2023-08-06', 5, 5);
INSERT INTO PHIEUDATPHONG VALUES (36, '2023-08-05', '2023-08-06', '2023-08-07', 6, 6);
INSERT INTO PHIEUDATPHONG VALUES (37, '2023-08-06', '2023-08-07', '2023-08-08', 7, 7);
INSERT INTO PHIEUDATPHONG VALUES (38, '2023-08-07', '2023-08-08', '2023-08-09', 8, 8);
INSERT INTO PHIEUDATPHONG VALUES (39, '2023-08-08', '2023-08-09', '2023-08-10', 9, 9);
INSERT INTO PHIEUDATPHONG VALUES (40, '2023-08-09', '2023-08-10', '2023-08-11', 10, 10);
INSERT INTO PHIEUDATPHONG VALUES (41, '2023-08-10', '2023-08-11', '2023-08-12', 11, 1);
INSERT INTO PHIEUDATPHONG VALUES (42, '2023-08-11', '2023-08-12', '2023-08-13', 12, 2);
INSERT INTO PHIEUDATPHONG VALUES (43, '2023-08-12', '2023-08-13', '2023-08-14', 13, 3);
INSERT INTO PHIEUDATPHONG VALUES (44, '2023-08-13', '2023-08-14', '2023-08-15', 14, 4);
INSERT INTO PHIEUDATPHONG VALUES (45, '2023-08-14', '2023-08-15', '2023-08-16', 15, 5);
INSERT INTO PHIEUDATPHONG VALUES (46, '2023-08-15', '2023-08-16', '2023-08-17', 16, 6);
INSERT INTO PHIEUDATPHONG VALUES (47, '2023-08-16', '2023-08-17', '2023-08-18', 17, 7);
INSERT INTO PHIEUDATPHONG VALUES (48, '2023-08-17', '2023-08-18', '2023-08-19', 18, 8);
INSERT INTO PHIEUDATPHONG VALUES (49, '2023-08-18', '2023-08-19', '2023-08-20', 19, 9);
INSERT INTO PHIEUDATPHONG VALUES (50, '2023-08-19', '2023-08-20', '2023-08-21', 20, 10);
select count(*) PHIEUDATPHONG from PHIEUDATPHONG

INSERT INTO CHITIETPHIEUDATPHONG (MAPDP, MAPHONG) VALUES (1, 1);
INSERT INTO CHITIETPHIEUDATPHONG (MAPDP, MAPHONG) VALUES (1, 2); 
INSERT INTO CHITIETPHIEUDATPHONG (MAPDP, MAPHONG) VALUES (2, 3);
INSERT INTO CHITIETPHIEUDATPHONG (MAPDP, MAPHONG) VALUES (2, 4);
INSERT INTO CHITIETPHIEUDATPHONG (MAPDP, MAPHONG) VALUES (2, 5); 
INSERT INTO CHITIETPHIEUDATPHONG (MAPDP, MAPHONG) VALUES (3, 6);
INSERT INTO CHITIETPHIEUDATPHONG (MAPDP, MAPHONG) VALUES (3, 7);
INSERT INTO CHITIETPHIEUDATPHONG (MAPDP, MAPHONG) VALUES (3, 8);
INSERT INTO CHITIETPHIEUDATPHONG (MAPDP, MAPHONG) VALUES (3, 9); 
INSERT INTO CHITIETPHIEUDATPHONG (MAPDP, MAPHONG) VALUES (4, 10);
INSERT INTO CHITIETPHIEUDATPHONG (MAPDP, MAPHONG) VALUES (4, 11);
INSERT INTO CHITIETPHIEUDATPHONG (MAPDP, MAPHONG) VALUES (4, 12); 
INSERT INTO CHITIETPHIEUDATPHONG (MAPDP, MAPHONG) VALUES (5, 13);
INSERT INTO CHITIETPHIEUDATPHONG (MAPDP, MAPHONG) VALUES (5, 14);
INSERT INTO CHITIETPHIEUDATPHONG (MAPDP, MAPHONG) VALUES (5, 15); 
INSERT INTO CHITIETPHIEUDATPHONG (MAPDP, MAPHONG) VALUES (6, 16);
INSERT INTO CHITIETPHIEUDATPHONG (MAPDP, MAPHONG) VALUES (6, 17);
INSERT INTO CHITIETPHIEUDATPHONG (MAPDP, MAPHONG) VALUES (6, 18);
INSERT INTO CHITIETPHIEUDATPHONG (MAPDP, MAPHONG) VALUES (6, 19); 
INSERT INTO CHITIETPHIEUDATPHONG (MAPDP, MAPHONG) VALUES (7, 20);
INSERT INTO CHITIETPHIEUDATPHONG (MAPDP, MAPHONG) VALUES (7, 21);
INSERT INTO CHITIETPHIEUDATPHONG (MAPDP, MAPHONG) VALUES (7, 22); 
INSERT INTO CHITIETPHIEUDATPHONG (MAPDP, MAPHONG) VALUES (8, 23);
INSERT INTO CHITIETPHIEUDATPHONG (MAPDP, MAPHONG) VALUES (8, 24);
INSERT INTO CHITIETPHIEUDATPHONG (MAPDP, MAPHONG) VALUES (8, 25);
INSERT INTO CHITIETPHIEUDATPHONG (MAPDP, MAPHONG) VALUES (8, 26); 
INSERT INTO CHITIETPHIEUDATPHONG (MAPDP, MAPHONG) VALUES (9, 27);
INSERT INTO CHITIETPHIEUDATPHONG (MAPDP, MAPHONG) VALUES (9, 28);
INSERT INTO CHITIETPHIEUDATPHONG (MAPDP, MAPHONG) VALUES (9, 29); 
INSERT INTO CHITIETPHIEUDATPHONG (MAPDP, MAPHONG) VALUES (10, 30);
INSERT INTO CHITIETPHIEUDATPHONG (MAPDP, MAPHONG) VALUES (10, 1); 
INSERT INTO CHITIETPHIEUDATPHONG (MAPDP, MAPHONG) VALUES (11, 2);
INSERT INTO CHITIETPHIEUDATPHONG (MAPDP, MAPHONG) VALUES (11, 3);
INSERT INTO CHITIETPHIEUDATPHONG (MAPDP, MAPHONG) VALUES (11, 4); 
INSERT INTO CHITIETPHIEUDATPHONG (MAPDP, MAPHONG) VALUES (12, 5);
INSERT INTO CHITIETPHIEUDATPHONG (MAPDP, MAPHONG) VALUES (12, 6);
INSERT INTO CHITIETPHIEUDATPHONG (MAPDP, MAPHONG) VALUES (12, 7);
INSERT INTO CHITIETPHIEUDATPHONG (MAPDP, MAPHONG) VALUES (12, 8); 
INSERT INTO CHITIETPHIEUDATPHONG (MAPDP, MAPHONG) VALUES (13, 9);
INSERT INTO CHITIETPHIEUDATPHONG (MAPDP, MAPHONG) VALUES (13, 10);
INSERT INTO CHITIETPHIEUDATPHONG (MAPDP, MAPHONG) VALUES (13, 11); 
INSERT INTO CHITIETPHIEUDATPHONG (MAPDP, MAPHONG) VALUES (14, 12);
INSERT INTO CHITIETPHIEUDATPHONG (MAPDP, MAPHONG) VALUES (14, 13);
INSERT INTO CHITIETPHIEUDATPHONG (MAPDP, MAPHONG) VALUES (14, 14); 
INSERT INTO CHITIETPHIEUDATPHONG (MAPDP, MAPHONG) VALUES (15, 15);
INSERT INTO CHITIETPHIEUDATPHONG (MAPDP, MAPHONG) VALUES (15, 16);
INSERT INTO CHITIETPHIEUDATPHONG (MAPDP, MAPHONG) VALUES (15, 17);
INSERT INTO CHITIETPHIEUDATPHONG (MAPDP, MAPHONG) VALUES (15, 18); 
INSERT INTO CHITIETPHIEUDATPHONG (MAPDP, MAPHONG) VALUES (16, 19);
INSERT INTO CHITIETPHIEUDATPHONG (MAPDP, MAPHONG) VALUES (16, 20);
INSERT INTO CHITIETPHIEUDATPHONG (MAPDP, MAPHONG) VALUES (16, 21); 
INSERT INTO CHITIETPHIEUDATPHONG (MAPDP, MAPHONG) VALUES (17, 22);
INSERT INTO CHITIETPHIEUDATPHONG (MAPDP, MAPHONG) VALUES (17, 23);
INSERT INTO CHITIETPHIEUDATPHONG (MAPDP, MAPHONG) VALUES (17, 24);
INSERT INTO CHITIETPHIEUDATPHONG (MAPDP, MAPHONG) VALUES (17, 25); 
INSERT INTO CHITIETPHIEUDATPHONG (MAPDP, MAPHONG) VALUES (18, 26);
INSERT INTO CHITIETPHIEUDATPHONG (MAPDP, MAPHONG) VALUES (18, 27);
INSERT INTO CHITIETPHIEUDATPHONG (MAPDP, MAPHONG) VALUES (18, 28); 
INSERT INTO CHITIETPHIEUDATPHONG (MAPDP, MAPHONG) VALUES (19, 29);
INSERT INTO CHITIETPHIEUDATPHONG (MAPDP, MAPHONG) VALUES (19, 30);
INSERT INTO CHITIETPHIEUDATPHONG (MAPDP, MAPHONG) VALUES (19, 1);
INSERT INTO CHITIETPHIEUDATPHONG (MAPDP, MAPHONG) VALUES (19, 2); 
INSERT INTO CHITIETPHIEUDATPHONG (MAPDP, MAPHONG) VALUES (20, 3);
INSERT INTO CHITIETPHIEUDATPHONG (MAPDP, MAPHONG) VALUES (20, 4);
INSERT INTO CHITIETPHIEUDATPHONG (MAPDP, MAPHONG) VALUES (20, 5); 
INSERT INTO CHITIETPHIEUDATPHONG (MAPDP, MAPHONG) VALUES (21, 6);
INSERT INTO CHITIETPHIEUDATPHONG (MAPDP, MAPHONG) VALUES (21, 7);
INSERT INTO CHITIETPHIEUDATPHONG (MAPDP, MAPHONG) VALUES (21, 8);
INSERT INTO CHITIETPHIEUDATPHONG (MAPDP, MAPHONG) VALUES (21, 9); 
INSERT INTO CHITIETPHIEUDATPHONG (MAPDP, MAPHONG) VALUES (22, 10);
INSERT INTO CHITIETPHIEUDATPHONG (MAPDP, MAPHONG) VALUES (22, 11);
INSERT INTO CHITIETPHIEUDATPHONG (MAPDP, MAPHONG) VALUES (22, 12); 
INSERT INTO CHITIETPHIEUDATPHONG (MAPDP, MAPHONG) VALUES (23, 13);
INSERT INTO CHITIETPHIEUDATPHONG (MAPDP, MAPHONG) VALUES (23, 14);
INSERT INTO CHITIETPHIEUDATPHONG (MAPDP, MAPHONG) VALUES (23, 15); 
INSERT INTO CHITIETPHIEUDATPHONG (MAPDP, MAPHONG) VALUES (24, 16);
INSERT INTO CHITIETPHIEUDATPHONG (MAPDP, MAPHONG) VALUES (24, 17);
INSERT INTO CHITIETPHIEUDATPHONG (MAPDP, MAPHONG) VALUES (24, 18);
INSERT INTO CHITIETPHIEUDATPHONG (MAPDP, MAPHONG) VALUES (24, 19); 
INSERT INTO CHITIETPHIEUDATPHONG (MAPDP, MAPHONG) VALUES (25, 20);
INSERT INTO CHITIETPHIEUDATPHONG (MAPDP, MAPHONG) VALUES (25, 21);
INSERT INTO CHITIETPHIEUDATPHONG (MAPDP, MAPHONG) VALUES (25, 22); 
INSERT INTO CHITIETPHIEUDATPHONG (MAPDP, MAPHONG) VALUES (26, 23);
INSERT INTO CHITIETPHIEUDATPHONG (MAPDP, MAPHONG) VALUES (26, 24);
INSERT INTO CHITIETPHIEUDATPHONG (MAPDP, MAPHONG) VALUES (26, 25);
INSERT INTO CHITIETPHIEUDATPHONG (MAPDP, MAPHONG) VALUES (26, 26); 
INSERT INTO CHITIETPHIEUDATPHONG (MAPDP, MAPHONG) VALUES (27, 27);
INSERT INTO CHITIETPHIEUDATPHONG (MAPDP, MAPHONG) VALUES (27, 28);
INSERT INTO CHITIETPHIEUDATPHONG (MAPDP, MAPHONG) VALUES (27, 29); 
INSERT INTO CHITIETPHIEUDATPHONG (MAPDP, MAPHONG) VALUES (28, 30);
INSERT INTO CHITIETPHIEUDATPHONG (MAPDP, MAPHONG) VALUES (28, 1); 
INSERT INTO CHITIETPHIEUDATPHONG (MAPDP, MAPHONG) VALUES (29, 2);
INSERT INTO CHITIETPHIEUDATPHONG (MAPDP, MAPHONG) VALUES (29, 3);
INSERT INTO CHITIETPHIEUDATPHONG (MAPDP, MAPHONG) VALUES (29, 4); 
INSERT INTO CHITIETPHIEUDATPHONG (MAPDP, MAPHONG) VALUES (30, 5);
INSERT INTO CHITIETPHIEUDATPHONG (MAPDP, MAPHONG) VALUES (30, 6);
INSERT INTO CHITIETPHIEUDATPHONG (MAPDP, MAPHONG) VALUES (30, 7);
INSERT INTO CHITIETPHIEUDATPHONG (MAPDP, MAPHONG) VALUES (30, 8); 
INSERT INTO CHITIETPHIEUDATPHONG (MAPDP, MAPHONG) VALUES (31, 9);
INSERT INTO CHITIETPHIEUDATPHONG (MAPDP, MAPHONG) VALUES (31, 10);
INSERT INTO CHITIETPHIEUDATPHONG (MAPDP, MAPHONG) VALUES (31, 11); 
INSERT INTO CHITIETPHIEUDATPHONG (MAPDP, MAPHONG) VALUES (32, 12);
INSERT INTO CHITIETPHIEUDATPHONG (MAPDP, MAPHONG) VALUES (32, 13);
INSERT INTO CHITIETPHIEUDATPHONG (MAPDP, MAPHONG) VALUES (32, 14); 
INSERT INTO CHITIETPHIEUDATPHONG (MAPDP, MAPHONG) VALUES (33, 15);
INSERT INTO CHITIETPHIEUDATPHONG (MAPDP, MAPHONG) VALUES (33, 16);
INSERT INTO CHITIETPHIEUDATPHONG (MAPDP, MAPHONG) VALUES (33, 17);
INSERT INTO CHITIETPHIEUDATPHONG (MAPDP, MAPHONG) VALUES (33, 18); 
INSERT INTO CHITIETPHIEUDATPHONG (MAPDP, MAPHONG) VALUES (34, 19);
INSERT INTO CHITIETPHIEUDATPHONG (MAPDP, MAPHONG) VALUES (34, 20);
INSERT INTO CHITIETPHIEUDATPHONG (MAPDP, MAPHONG) VALUES (34, 21); 
INSERT INTO CHITIETPHIEUDATPHONG (MAPDP, MAPHONG) VALUES (35, 22);
INSERT INTO CHITIETPHIEUDATPHONG (MAPDP, MAPHONG) VALUES (35, 23);
INSERT INTO CHITIETPHIEUDATPHONG (MAPDP, MAPHONG) VALUES (35, 24);
INSERT INTO CHITIETPHIEUDATPHONG (MAPDP, MAPHONG) VALUES (35, 25); 
INSERT INTO CHITIETPHIEUDATPHONG (MAPDP, MAPHONG) VALUES (36, 26);
INSERT INTO CHITIETPHIEUDATPHONG (MAPDP, MAPHONG) VALUES (36, 27);
INSERT INTO CHITIETPHIEUDATPHONG (MAPDP, MAPHONG) VALUES (36, 28); 
INSERT INTO CHITIETPHIEUDATPHONG (MAPDP, MAPHONG) VALUES (37, 29);
INSERT INTO CHITIETPHIEUDATPHONG (MAPDP, MAPHONG) VALUES (37, 30);
INSERT INTO CHITIETPHIEUDATPHONG (MAPDP, MAPHONG) VALUES (37, 1);
INSERT INTO CHITIETPHIEUDATPHONG (MAPDP, MAPHONG) VALUES (37, 2); 
INSERT INTO CHITIETPHIEUDATPHONG (MAPDP, MAPHONG) VALUES (38, 3);
INSERT INTO CHITIETPHIEUDATPHONG (MAPDP, MAPHONG) VALUES (38, 4);
INSERT INTO CHITIETPHIEUDATPHONG (MAPDP, MAPHONG) VALUES (38, 5); 
INSERT INTO CHITIETPHIEUDATPHONG (MAPDP, MAPHONG) VALUES (39, 6);
INSERT INTO CHITIETPHIEUDATPHONG (MAPDP, MAPHONG) VALUES (39, 7);
INSERT INTO CHITIETPHIEUDATPHONG (MAPDP, MAPHONG) VALUES (39, 8);
INSERT INTO CHITIETPHIEUDATPHONG (MAPDP, MAPHONG) VALUES (39, 9); 
INSERT INTO CHITIETPHIEUDATPHONG (MAPDP, MAPHONG) VALUES (40, 10);
INSERT INTO CHITIETPHIEUDATPHONG (MAPDP, MAPHONG) VALUES (40, 11);
INSERT INTO CHITIETPHIEUDATPHONG (MAPDP, MAPHONG) VALUES (40, 12); 
INSERT INTO CHITIETPHIEUDATPHONG (MAPDP, MAPHONG) VALUES (41, 13);
INSERT INTO CHITIETPHIEUDATPHONG (MAPDP, MAPHONG) VALUES (41, 14);
INSERT INTO CHITIETPHIEUDATPHONG (MAPDP, MAPHONG) VALUES (41, 15); 
INSERT INTO CHITIETPHIEUDATPHONG (MAPDP, MAPHONG) VALUES (42, 16);
INSERT INTO CHITIETPHIEUDATPHONG (MAPDP, MAPHONG) VALUES (42, 17);
INSERT INTO CHITIETPHIEUDATPHONG (MAPDP, MAPHONG) VALUES (42, 18);
INSERT INTO CHITIETPHIEUDATPHONG (MAPDP, MAPHONG) VALUES (42, 19); 
INSERT INTO CHITIETPHIEUDATPHONG (MAPDP, MAPHONG) VALUES (43, 20);
INSERT INTO CHITIETPHIEUDATPHONG (MAPDP, MAPHONG) VALUES (43, 21);
INSERT INTO CHITIETPHIEUDATPHONG (MAPDP, MAPHONG) VALUES (43, 22); 
INSERT INTO CHITIETPHIEUDATPHONG (MAPDP, MAPHONG) VALUES (44, 23);
INSERT INTO CHITIETPHIEUDATPHONG (MAPDP, MAPHONG) VALUES (44, 24);
INSERT INTO CHITIETPHIEUDATPHONG (MAPDP, MAPHONG) VALUES (44, 25);
INSERT INTO CHITIETPHIEUDATPHONG (MAPDP, MAPHONG) VALUES (44, 26); 
INSERT INTO CHITIETPHIEUDATPHONG (MAPDP, MAPHONG) VALUES (45, 27);
INSERT INTO CHITIETPHIEUDATPHONG (MAPDP, MAPHONG) VALUES (45, 28);
INSERT INTO CHITIETPHIEUDATPHONG (MAPDP, MAPHONG) VALUES (45, 29); 
INSERT INTO CHITIETPHIEUDATPHONG (MAPDP, MAPHONG) VALUES (46, 30);
INSERT INTO CHITIETPHIEUDATPHONG (MAPDP, MAPHONG) VALUES (46, 1); 
INSERT INTO CHITIETPHIEUDATPHONG (MAPDP, MAPHONG) VALUES (47, 2);
INSERT INTO CHITIETPHIEUDATPHONG (MAPDP, MAPHONG) VALUES (47, 3);
INSERT INTO CHITIETPHIEUDATPHONG (MAPDP, MAPHONG) VALUES (47, 4); 
INSERT INTO CHITIETPHIEUDATPHONG (MAPDP, MAPHONG) VALUES (48, 5);
INSERT INTO CHITIETPHIEUDATPHONG (MAPDP, MAPHONG) VALUES (48, 6);
INSERT INTO CHITIETPHIEUDATPHONG (MAPDP, MAPHONG) VALUES (48, 7);
INSERT INTO CHITIETPHIEUDATPHONG (MAPDP, MAPHONG) VALUES (48, 8); 
INSERT INTO CHITIETPHIEUDATPHONG (MAPDP, MAPHONG) VALUES (49, 9);
INSERT INTO CHITIETPHIEUDATPHONG (MAPDP, MAPHONG) VALUES (49, 10);
INSERT INTO CHITIETPHIEUDATPHONG (MAPDP, MAPHONG) VALUES (49, 11); 
INSERT INTO CHITIETPHIEUDATPHONG (MAPDP, MAPHONG) VALUES (50, 12);
INSERT INTO CHITIETPHIEUDATPHONG (MAPDP, MAPHONG) VALUES (50, 13);
INSERT INTO CHITIETPHIEUDATPHONG (MAPDP, MAPHONG) VALUES (50, 14);
select count(*) CHITIETPHIEUDATPHONG from CHITIETPHIEUDATPHONG 
-- Thêm dữ liệu vào bảng HOADON

INSERT INTO HOADON (MAHD, NGAYLAP, MAPDP, TinhTrangTT, MANV) VALUES (1, '2023-07-01', 1, N'Đã thanh toán', 1);
INSERT INTO HOADON (MAHD, NGAYLAP, MAPDP, TinhTrangTT, MANV) VALUES (2, '2023-07-02', 2, N'Chưa thanh toán', 2);
INSERT INTO HOADON (MAHD, NGAYLAP, MAPDP, TinhTrangTT, MANV) VALUES (3, '2023-07-03', 3, N'Chưa thanh toán', 3);
INSERT INTO HOADON (MAHD, NGAYLAP, MAPDP, TinhTrangTT, MANV) VALUES (4, '2023-07-04', 4, N'Đã thanh toán', 4);
INSERT INTO HOADON (MAHD, NGAYLAP, MAPDP, TinhTrangTT, MANV) VALUES (5, '2023-07-05', 5, N'Chưa thanh toán', 5);
INSERT INTO HOADON (MAHD, NGAYLAP, MAPDP, TinhTrangTT, MANV) VALUES (6, '2023-07-06', 6, N'Đã thanh toán', 6);
INSERT INTO HOADON (MAHD, NGAYLAP, MAPDP, TinhTrangTT, MANV) VALUES (7, '2023-07-07', 7, N'Chưa thanh toán', 7);
INSERT INTO HOADON (MAHD, NGAYLAP, MAPDP, TinhTrangTT, MANV) VALUES (8, '2023-07-08', 8, N'Chưa thanh toán', 8);
INSERT INTO HOADON (MAHD, NGAYLAP, MAPDP, TinhTrangTT, MANV) VALUES (9, '2023-07-09', 9, N'Đã thanh toán', 9);
INSERT INTO HOADON (MAHD, NGAYLAP, MAPDP, TinhTrangTT, MANV) VALUES (10, '2023-07-10', 10, N'Chưa thanh toán', 10);
INSERT INTO HOADON (MAHD, NGAYLAP, MAPDP, TinhTrangTT, MANV) VALUES (11, '2023-07-11', 11, N'Đã thanh toán', 1);
INSERT INTO HOADON (MAHD, NGAYLAP, MAPDP, TinhTrangTT, MANV) VALUES (12, '2023-07-12', 12, N'Chưa thanh toán', 2);
INSERT INTO HOADON (MAHD, NGAYLAP, MAPDP, TinhTrangTT, MANV) VALUES (13, '2023-07-13', 13, N'Chưa thanh toán', 3);
INSERT INTO HOADON (MAHD, NGAYLAP, MAPDP, TinhTrangTT, MANV) VALUES (14, '2023-07-14', 14, N'Đã thanh toán', 4);
INSERT INTO HOADON (MAHD, NGAYLAP, MAPDP, TinhTrangTT, MANV) VALUES (15, '2023-07-15', 15, N'Chưa thanh toán', 5);
INSERT INTO HOADON (MAHD, NGAYLAP, MAPDP, TinhTrangTT, MANV) VALUES (16, '2023-07-16', 16, N'Đã thanh toán', 6);
INSERT INTO HOADON (MAHD, NGAYLAP, MAPDP, TinhTrangTT, MANV) VALUES (17, '2023-07-17', 17, N'Chưa thanh toán', 7);
INSERT INTO HOADON (MAHD, NGAYLAP, MAPDP, TinhTrangTT, MANV) VALUES (18, '2023-07-18', 18, N'Chưa thanh toán', 8);
INSERT INTO HOADON (MAHD, NGAYLAP, MAPDP, TinhTrangTT, MANV) VALUES (19, '2023-07-19', 19, N'Đã thanh toán', 9);
INSERT INTO HOADON (MAHD, NGAYLAP, MAPDP, TinhTrangTT, MANV) VALUES (20, '2023-07-20', 20, N'Chưa thanh toán', 10);
INSERT INTO HOADON (MAHD, NGAYLAP, MAPDP, TinhTrangTT, MANV) VALUES (21, '2023-07-21', 21, N'Đã thanh toán', 1);
INSERT INTO HOADON (MAHD, NGAYLAP, MAPDP, TinhTrangTT, MANV) VALUES (22, '2023-07-22', 22, N'Chưa thanh toán', 2);
INSERT INTO HOADON (MAHD, NGAYLAP, MAPDP, TinhTrangTT, MANV) VALUES (23, '2023-07-23', 23, N'Chưa thanh toán', 3);
INSERT INTO HOADON (MAHD, NGAYLAP, MAPDP, TinhTrangTT, MANV) VALUES (24, '2023-07-24', 24, N'Đã thanh toán', 4);
INSERT INTO HOADON (MAHD, NGAYLAP, MAPDP, TinhTrangTT, MANV) VALUES (25, '2023-07-25', 25, N'Chưa thanh toán', 5);
INSERT INTO HOADON (MAHD, NGAYLAP, MAPDP, TinhTrangTT, MANV) VALUES (26, '2023-07-26', 26, N'Đã thanh toán', 6);
INSERT INTO HOADON (MAHD, NGAYLAP, MAPDP, TinhTrangTT, MANV) VALUES (27, '2023-07-27', 27, N'Chưa thanh toán', 7);
INSERT INTO HOADON (MAHD, NGAYLAP, MAPDP, TinhTrangTT, MANV) VALUES (28, '2023-07-28', 28, N'Chưa thanh toán', 8);
INSERT INTO HOADON (MAHD, NGAYLAP, MAPDP, TinhTrangTT, MANV) VALUES (29, '2023-07-29', 29, N'Đã thanh toán', 9);
INSERT INTO HOADON (MAHD, NGAYLAP, MAPDP, TinhTrangTT, MANV) VALUES (30, '2023-07-30', 30, N'Chưa thanh toán', 10);
INSERT INTO HOADON (MAHD, NGAYLAP, MAPDP, TinhTrangTT, MANV) VALUES (31, '2023-07-31', 31, N'Đã thanh toán', 1);
INSERT INTO HOADON (MAHD, NGAYLAP, MAPDP, TinhTrangTT, MANV) VALUES (32, '2023-08-01', 32, N'Chưa thanh toán', 2);
INSERT INTO HOADON (MAHD, NGAYLAP, MAPDP, TinhTrangTT, MANV) VALUES (33, '2023-08-02', 33, N'Chưa thanh toán', 3);
INSERT INTO HOADON (MAHD, NGAYLAP, MAPDP, TinhTrangTT, MANV) VALUES (34, '2023-08-03', 34, N'Đã thanh toán', 4);
INSERT INTO HOADON (MAHD, NGAYLAP, MAPDP, TinhTrangTT, MANV) VALUES (35, '2023-08-04', 35, N'Chưa thanh toán', 5);
INSERT INTO HOADON (MAHD, NGAYLAP, MAPDP, TinhTrangTT, MANV) VALUES (36, '2023-08-05', 36, N'Đã thanh toán', 6);
INSERT INTO HOADON (MAHD, NGAYLAP, MAPDP, TinhTrangTT, MANV) VALUES (37, '2023-08-06', 37, N'Chưa thanh toán', 7);
INSERT INTO HOADON (MAHD, NGAYLAP, MAPDP, TinhTrangTT, MANV) VALUES (38, '2023-08-07', 38, N'Chưa thanh toán', 8);
INSERT INTO HOADON (MAHD, NGAYLAP, MAPDP, TinhTrangTT, MANV) VALUES (39, '2023-08-08', 39, N'Đã thanh toán', 9);
INSERT INTO HOADON (MAHD, NGAYLAP, MAPDP, TinhTrangTT, MANV) VALUES (40, '2023-08-09', 40, N'Chưa thanh toán', 10);
INSERT INTO HOADON (MAHD, NGAYLAP, MAPDP, TinhTrangTT, MANV) VALUES (41, '2023-08-10', 41, N'Đã thanh toán', 1);
INSERT INTO HOADON (MAHD, NGAYLAP, MAPDP, TinhTrangTT, MANV) VALUES (42, '2023-08-11', 42, N'Chưa thanh toán', 2);
INSERT INTO HOADON (MAHD, NGAYLAP, MAPDP, TinhTrangTT, MANV) VALUES (43, '2023-08-12', 43, N'Chưa thanh toán', 3);
INSERT INTO HOADON (MAHD, NGAYLAP, MAPDP, TinhTrangTT, MANV) VALUES (44, '2023-08-13', 44, N'Đã thanh toán', 4);
INSERT INTO HOADON (MAHD, NGAYLAP, MAPDP, TinhTrangTT, MANV) VALUES (45, '2023-08-14', 45, N'Chưa thanh toán', 5);
INSERT INTO HOADON (MAHD, NGAYLAP, MAPDP, TinhTrangTT, MANV) VALUES (46, '2023-08-15', 46, N'Đã thanh toán', 6);
INSERT INTO HOADON (MAHD, NGAYLAP, MAPDP, TinhTrangTT, MANV) VALUES (47, '2023-08-16', 47, N'Chưa thanh toán', 7);
INSERT INTO HOADON (MAHD, NGAYLAP, MAPDP, TinhTrangTT, MANV) VALUES (48, '2023-08-17', 48, N'Chưa thanh toán', 8);
INSERT INTO HOADON (MAHD, NGAYLAP, MAPDP, TinhTrangTT, MANV) VALUES (49, '2023-08-18', 49, N'Đã thanh toán', 9);
INSERT INTO HOADON (MAHD, NGAYLAP, MAPDP, TinhTrangTT, MANV) VALUES (50, '2023-08-19', 50, N'Chưa thanh toán', 10);
select count(*) HOADON from HOADON

--SELECT * FROM PHIEUDATPHONG

INSERT INTO DICHVU (MADV, TENDV, GIA, MOTA, DIADIEM)
VALUES (1, N'Dịch vụ đưa đón sân bay', 100000, N'Đưa đón khách hàng từ sân bay đến khách sạn', N'Sân bay quốc tế Tân Sơn Nhất');
INSERT INTO DICHVU (MADV, TENDV, GIA, MOTA, DIADIEM)
VALUES (2, N'Buffet sáng', 150000, N'Buffet sáng với các món ăn đa dạng và phong phú', N'Restaurant');
INSERT INTO DICHVU (MADV, TENDV, GIA, MOTA, DIADIEM)
VALUES (3, N'Dịch vụ giặt ủi', 50000, N'Tiện ích giặt ủi quần áo và vật dụng cá nhân', N'Tầng 2');
INSERT INTO DICHVU (MADV, TENDV, GIA, MOTA, DIADIEM)
VALUES (4, N'Dịch vụ phòng', 200000, N'Tiện ích phục vụ trong phòng khách sạn', N'Phòng khách sạn');
INSERT INTO DICHVU (MADV, TENDV, GIA, MOTA, DIADIEM)
VALUES (5, N'Dịch vụ spa', 300000, N'Dịch vụ làm đẹp và thư giãn tại spa', N'Tầng 3');
INSERT INTO DICHVU (MADV, TENDV, GIA, MOTA, DIADIEM)
VALUES (6, N'Dịch vụ thuê xe', 250000, N'Dịch vụ thuê xe ô tô cho khách hàng', N'Front Desk');
INSERT INTO DICHVU (MADV, TENDV, GIA, MOTA, DIADIEM)
VALUES (7, N'Dịch vụ đặt tour', 150000, N'Dịch vụ đặt tour tham quan và du lịch', N'Front Desk');
INSERT INTO DICHVU (MADV, TENDV, GIA, MOTA, DIADIEM)
VALUES (8, N'Dịch vụ phòng họp', 500000, N'Dịch vụ cung cấp phòng họp và hội nghị', N'Tầng 4');
INSERT INTO DICHVU (MADV, TENDV, GIA, MOTA, DIADIEM)
VALUES (9, N'Dịch vụ nhà hàng', 200000, N'Tiện ích nhà hàng phục vụ bữa trưa và bữa tối', N'Nhà hàng');
INSERT INTO DICHVU (MADV, TENDV, GIA, MOTA, DIADIEM)
VALUES (10, N'Dịch vụ quầy bar', 150000, N'Tiện ích quầy bar phục vụ đồ uống và cocktail', N'Quầy Bar');
INSERT INTO DICHVU (MADV, TENDV, GIA, MOTA, DIADIEM)
VALUES (11, N'Dịch vụ phòng gym', 100000, N'Tiện ích phòng gym với các trang thiết bị tập luyện', N'Tầng 5');
INSERT INTO DICHVU (MADV, TENDV, GIA, MOTA, DIADIEM)
VALUES (12, N'Dịch vụ phòng chơi game', 50000, N'Tiện ích phòng chơi game giải trí', N'Tầng 5');
INSERT INTO DICHVU (MADV, TENDV, GIA, MOTA, DIADIEM)
VALUES (13, N'Dịch vụ cho thuê đồ biển', 80000, N'Dịch vụ cho thuê đồ biển và vật dụng tắm nắng', N'Front Desk');
INSERT INTO DICHVU (MADV, TENDV, GIA, MOTA, DIADIEM)
VALUES (14, N'Dịch vụ hướng dẫn du lịch', 200000, N'Dịch vụ hướng dẫn du lịch và tham quan', N'Front Desk');
INSERT INTO DICHVU (MADV, TENDV, GIA, MOTA, DIADIEM)
VALUES (15, N'Dịch vụ đặt vé sự kiện', 100000, N'Dịch vụ đặt vé tham dự các sự kiện', N'Front Desk');
INSERT INTO DICHVU (MADV, TENDV, GIA, MOTA, DIADIEM)
VALUES (16, N'Dịch vụ tiệc cưới', 5000000, N'Tổ chức tiệc cưới tại khách sạn', N'Tầng 6');
INSERT INTO DICHVU (MADV, TENDV, GIA, MOTA, DIADIEM)
VALUES (17, N'Dịch vụ truyền hình cáp', 100000, N'Tiện ích truyền hình cáp trong phòng', N'Phòng khách sạn');
INSERT INTO DICHVU (MADV, TENDV, GIA, MOTA, DIADIEM)
VALUES (18, N'Dịch vụ Internet', 50000, N'Tiện ích truy cập Internet trong phòng', N'Phòng khách sạn');
INSERT INTO DICHVU (MADV, TENDV, GIA, MOTA, DIADIEM)
VALUES (19, N'Dịch vụ đặt vé máy bay', 50000, N'Dịch vụ đặt vé máy bay cho khách hàng', N'Front Desk');
INSERT INTO DICHVU (MADV, TENDV, GIA, MOTA, DIADIEM)
VALUES (20, N'Dịch vụ giữ hành lý', 50000, N'Dịch vụ giữ hành lý cho khách hàng', N'Tầng 1');
select count(*) DICHVU from DICHVU
	
INSERT INTO PDT_DICHVU (MADV, MAPDP, SOLUONG, THOIGIAN)
VALUES (1, 1, 2, '2023-06-01 10:00:00');
INSERT INTO PDT_DICHVU (MADV, MAPDP, SOLUONG, THOIGIAN)
VALUES (2, 1, 1, '2023-06-02 15:30:00');
INSERT INTO PDT_DICHVU (MADV, MAPDP, SOLUONG, THOIGIAN)
VALUES (3, 2, 3, '2023-06-03 09:45:00');
INSERT INTO PDT_DICHVU (MADV, MAPDP, SOLUONG, THOIGIAN)
VALUES (4, 3, 1, '2023-06-04 11:20:00');
INSERT INTO PDT_DICHVU (MADV, MAPDP, SOLUONG, THOIGIAN)
VALUES (5, 4, 2, '2023-06-05 14:00:00');
INSERT INTO PDT_DICHVU (MADV, MAPDP, SOLUONG, THOIGIAN)
VALUES (6, 5, 1, '2023-06-06 17:30:00');
INSERT INTO PDT_DICHVU (MADV, MAPDP, SOLUONG, THOIGIAN)
VALUES (7, 6, 2, '2023-06-07 09:00:00');
INSERT INTO PDT_DICHVU (MADV, MAPDP, SOLUONG, THOIGIAN)
VALUES (8, 7, 1, '2023-06-08 12:15:00');
INSERT INTO PDT_DICHVU (MADV, MAPDP, SOLUONG, THOIGIAN)
VALUES (9, 8, 3, '2023-06-09 16:45:00');
INSERT INTO PDT_DICHVU (MADV, MAPDP, SOLUONG, THOIGIAN)
VALUES (10, 9, 1, '2023-06-10 10:30:00');
INSERT INTO PDT_DICHVU (MADV, MAPDP, SOLUONG, THOIGIAN)
VALUES (11, 10, 2, '2023-06-11 13:20:00');
INSERT INTO PDT_DICHVU (MADV, MAPDP, SOLUONG, THOIGIAN)
VALUES (12, 11, 1, '2023-06-12 11:45:00');
INSERT INTO PDT_DICHVU (MADV, MAPDP, SOLUONG, THOIGIAN)
VALUES (13, 12, 2, '2023-06-13 14:30:00');
INSERT INTO PDT_DICHVU (MADV, MAPDP, SOLUONG, THOIGIAN)
VALUES (14, 13, 1, '2023-06-14 16:00:00');
INSERT INTO PDT_DICHVU (MADV, MAPDP, SOLUONG, THOIGIAN)
VALUES (15, 14, 3, '2023-06-15 09:15:00');
INSERT INTO PDT_DICHVU (MADV, MAPDP, SOLUONG, THOIGIAN)
VALUES (16, 15, 1, '2023-06-16 12:45:00');
INSERT INTO PDT_DICHVU (MADV, MAPDP, SOLUONG, THOIGIAN)
VALUES (17, 16, 2, '2023-06-17 15:30:00');
INSERT INTO PDT_DICHVU (MADV, MAPDP, SOLUONG, THOIGIAN)
VALUES (18, 17, 1, '2023-06-18 10:45:00');
INSERT INTO PDT_DICHVU (MADV, MAPDP, SOLUONG, THOIGIAN)
VALUES (19, 18, 3, '2023-06-19 13:20:00');
INSERT INTO PDT_DICHVU (MADV, MAPDP, SOLUONG, THOIGIAN)
VALUES (20, 19, 1, '2023-06-20 16:00:00');
INSERT INTO PDT_DICHVU (MADV, MAPDP, SOLUONG, THOIGIAN)
VALUES (1, 20, 2, '2023-06-21 09:30:00');
INSERT INTO PDT_DICHVU (MADV, MAPDP, SOLUONG, THOIGIAN)
VALUES (2, 21, 1, '2023-06-22 12:00:00');
INSERT INTO PDT_DICHVU (MADV, MAPDP, SOLUONG, THOIGIAN)
VALUES (3, 22, 3, '2023-06-23 15:15:00');
INSERT INTO PDT_DICHVU (MADV, MAPDP, SOLUONG, THOIGIAN)
VALUES (4, 23, 1, '2023-06-24 10:45:00');
INSERT INTO PDT_DICHVU (MADV, MAPDP, SOLUONG, THOIGIAN)
VALUES (5, 24, 2, '2023-06-25 13:30:00');
INSERT INTO PDT_DICHVU (MADV, MAPDP, SOLUONG, THOIGIAN)
VALUES (6, 25, 1, '2023-06-26 16:45:00');
INSERT INTO PDT_DICHVU (MADV, MAPDP, SOLUONG, THOIGIAN)
VALUES (7, 26, 2, '2023-06-27 09:30:00');
INSERT INTO PDT_DICHVU (MADV, MAPDP, SOLUONG, THOIGIAN)
VALUES (8, 27, 1, '2023-06-28 12:15:00');
INSERT INTO PDT_DICHVU (MADV, MAPDP, SOLUONG, THOIGIAN)
VALUES (9, 28, 3, '2023-06-29 15:00:00');
INSERT INTO PDT_DICHVU (MADV, MAPDP, SOLUONG, THOIGIAN)
VALUES (10, 29, 1, '2023-06-30 10:30:00');
INSERT INTO PDT_DICHVU (MADV, MAPDP, SOLUONG, THOIGIAN)
VALUES (11, 30, 2, '2023-07-01 13:00:00');
INSERT INTO PDT_DICHVU (MADV, MAPDP, SOLUONG, THOIGIAN)
VALUES (12, 31, 1, '2023-07-02 16:30:00');
INSERT INTO PDT_DICHVU (MADV, MAPDP, SOLUONG, THOIGIAN)
VALUES (13, 32, 2, '2023-07-03 09:45:00');
INSERT INTO PDT_DICHVU (MADV, MAPDP, SOLUONG, THOIGIAN)
VALUES (14, 33, 1, '2023-07-04 12:15:00');
INSERT INTO PDT_DICHVU (MADV, MAPDP, SOLUONG, THOIGIAN)
VALUES (15, 34, 3, '2023-07-05 15:30:00');
INSERT INTO PDT_DICHVU (MADV, MAPDP, SOLUONG, THOIGIAN)
VALUES (16, 35, 1, '2023-07-06 10:30:00');
INSERT INTO PDT_DICHVU (MADV, MAPDP, SOLUONG, THOIGIAN)
VALUES (17, 36, 2, '2023-07-07 13:00:00');
INSERT INTO PDT_DICHVU (MADV, MAPDP, SOLUONG, THOIGIAN)
VALUES (18, 37, 1, '2023-07-08 16:15:00');
INSERT INTO PDT_DICHVU (MADV, MAPDP, SOLUONG, THOIGIAN)
VALUES (19, 38, 3, '2023-07-09 09:45:00');
INSERT INTO PDT_DICHVU (MADV, MAPDP, SOLUONG, THOIGIAN)
VALUES (20, 39, 1, '2023-07-10 12:30:00');
INSERT INTO PDT_DICHVU (MADV, MAPDP, SOLUONG, THOIGIAN)
VALUES (1, 40, 2, '2023-07-11 15:00:00');
INSERT INTO PDT_DICHVU (MADV, MAPDP, SOLUONG, THOIGIAN)
VALUES (2, 41, 1, '2023-07-12 10:45:00');
INSERT INTO PDT_DICHVU (MADV, MAPDP, SOLUONG, THOIGIAN)
VALUES (3, 42, 3, '2023-07-13 13:30:00');
INSERT INTO PDT_DICHVU (MADV, MAPDP, SOLUONG, THOIGIAN)
VALUES (4, 43, 1, '2023-07-14 16:45:00');
INSERT INTO PDT_DICHVU (MADV, MAPDP, SOLUONG, THOIGIAN)
VALUES (5, 44, 2, '2023-07-15 09:30:00');
INSERT INTO PDT_DICHVU (MADV, MAPDP, SOLUONG, THOIGIAN)
VALUES (6, 45, 1, '2023-07-16 12:00:00');
INSERT INTO PDT_DICHVU (MADV, MAPDP, SOLUONG, THOIGIAN)
VALUES (7, 46, 2, '2023-07-17 15:15:00');
INSERT INTO PDT_DICHVU (MADV, MAPDP, SOLUONG, THOIGIAN)
VALUES (8, 47, 1, '2023-07-18 10:45:00');
INSERT INTO PDT_DICHVU (MADV, MAPDP, SOLUONG, THOIGIAN)
VALUES (9, 48, 3, '2023-07-19 13:30:00');
INSERT INTO PDT_DICHVU (MADV, MAPDP, SOLUONG, THOIGIAN)
VALUES (10, 49, 1, '2023-07-20 16:00:00');
INSERT INTO PDT_DICHVU (MADV, MAPDP, SOLUONG, THOIGIAN)
VALUES (11, 50, 2, '2023-07-21 09:15:00');
select count(*) PDT_DICHVU from PDT_DICHVU
